"Player","Team","Experience","Minutes","Pace","PTS","AST","DREB","OREB","BLK","STL","TOV","FGA","FTA","FG3A","RimFGA","PF","date_of_projection"
"Shai Gilgeous-Alexander","Oklahoma City Thunder","Vet",33.5,100.8,30.5,5.7,4.1,0.9,0.9,1.8,2.6,21.9,9.4,5.1,5.9,2.2,2025-02-07
"Anthony Edwards","Minnesota Timberwolves","Vet",37,95.9,30,5.3,4.9,0.9,0.7,1.2,3.3,20.2,7,9.8,4.7,1.9,2025-02-07
"Tyrese Maxey","Philadelphia 76ers","Vet",37.9,97.4,28.8,6.3,3.1,0.4,0.4,1.5,2.4,21.4,6.1,9.3,5.6,2.1,2025-02-07
"Cade Cunningham","Detroit Pistons","Vet",35.4,99.7,28.4,9.7,4.8,0.9,0.5,1.1,4,22.1,5.8,6.5,4.2,2.4,2025-02-07
"Nikola Jokic","Denver Nuggets","Vet",35,101.6,28,9.9,9.7,2.6,0.7,1.6,3.1,17.6,5.5,5.3,5,2.2,2025-02-07
"Jalen Brunson","New York Knicks","Vet",36.1,96.5,27.4,7.5,2.6,0.5,0.1,1,2.4,19.2,7.4,5.6,3.6,2,2025-02-07
"Devin Booker","Phoenix Suns","Vet",36.6,97.7,27.2,6.4,3.2,0.8,0.2,1,2.6,18.4,7.3,7.2,2.5,2.4,2025-02-07
"LeBron James","Los Angeles Lakers","Vet",34,98.3,26.6,9,7,0.9,0.5,1,3.6,18.6,5,6.1,5,1.4,2025-02-07
"Trae Young","Atlanta Hawks","Vet",37.8,104.2,26.6,12,2.8,0.5,0.2,1.3,4.5,20,7.9,9.9,2.6,1.9,2025-02-07
"Darius Garland","Cleveland Cavaliers","Vet",32.8,99.9,25.6,7.1,2.3,0.6,0.2,1.2,2.8,18.7,4.7,8,3.3,1.9,2025-02-07
"Jayson Tatum","Boston Celtics","Vet",35.5,97.8,24.6,5.8,7.2,0.8,0.6,1.1,2.6,18,5.8,8.9,3.8,2,2025-02-07
"Victor Wembanyama","San Antonio Spurs","Sophomore",33.3,98.7,24.5,3.8,9.2,2,3,1.2,2.9,18.4,4.6,8,4.2,2.2,2025-02-07
"Jaren Jackson Jr.","Memphis Grizzlies","Vet",30.9,103.4,24.3,2.7,4.5,1.5,1.6,1.2,2.2,17.8,6.1,6,2.9,3.3,2025-02-07
"Tyler Herro","Miami Heat","Vet",36.2,96.8,24.2,6.2,5.1,0.5,0.2,0.8,2.8,18,3.9,9.9,2.7,1.4,2025-02-07
"Kyrie Irving","Dallas Mavericks","Vet",36.4,97.8,23.9,4.7,3.4,1,0.4,1.2,2.1,18.2,4,7,2.7,2,2025-02-07
"Damian Lillard","Milwaukee Bucks","Vet",35.2,99.7,23.6,7.3,3.7,0.5,0.3,1,2.6,16.8,6.3,8.3,3,1.7,2025-02-07
"Stephen Curry","Golden State Warriors","Vet",32.5,100,23.1,6,3.7,0.5,0.4,0.9,2.7,18.8,3.7,10.5,2,1.5,2025-02-07
"Karl-Anthony Towns","New York Knicks","Vet",35.4,97.8,22.8,3.2,10.5,3.2,0.8,0.9,2.5,16.3,5.7,4.3,7,3.3,2025-02-07
"Franz Wagner","Orlando Magic","Vet",30.5,97,22.7,4.3,3.9,0.9,0.4,1.1,1.9,17.5,5.4,5.6,4.3,2.2,2025-02-07
"Norman Powell","Los Angeles Clippers","Vet",33.6,98.7,22.4,2.3,3.2,0.4,0.2,1,1.7,16.2,4.6,7.5,4,2,2025-02-07
"Zion Williamson","New Orleans Pelicans","Vet",27.9,101.6,22.2,4.7,4.4,2.3,0.8,1.1,2.9,16.3,7.5,0.5,7.6,2.3,2025-02-07
"Scottie Barnes","Toronto Raptors","Vet",35.3,98.3,22.2,6.9,6,1.6,1.1,1.3,2.7,19.1,5.1,4.5,3.9,1.9,2025-02-07
"Jordan Poole","Washington Wizards","Vet",33.7,101.5,22.2,6.1,3,0.5,0.4,1.3,3.1,17.5,4.1,10.9,2.9,2.8,2025-02-07
"Jalen Williams","Oklahoma City Thunder","Vet",33.6,100.8,22.1,5.3,4.2,0.8,0.7,1.6,2.1,17.3,4.2,4.7,3.6,2.4,2025-02-07
"De'Aaron Fox","San Antonio Spurs","Vet",35.4,100.8,21.9,6.4,3.7,0.8,0.4,1.6,2.4,17.8,4.4,6.6,3,2.4,2025-02-07
"Jalen Green","Houston Rockets","Vet",33.5,97.3,21.9,3.5,3.8,0.5,0.3,0.9,2.4,17.6,4.3,8.2,4,1.5,2025-02-07
"Jaylen Brown","Boston Celtics","Vet",34,97.8,21.7,4.7,4.4,1.2,0.3,1.1,2.5,16.9,4.6,5,3.8,2.4,2025-02-07
"Zach LaVine","Sacramento Kings","Vet",33.7,98.7,21.6,4.1,3.9,0.3,0.2,0.8,2.3,16.1,4.4,6.8,4.9,1.6,2025-02-07
"DeMar DeRozan","Sacramento Kings","Vet",35.7,99,21.6,3.9,3.3,0.5,0.4,1,1.2,16.3,5.1,2.8,1.4,1.9,2025-02-07
"Trey Murphy III","New Orleans Pelicans","Vet",35,100.6,21.4,3.7,4.3,0.9,0.6,1.2,1.8,15.2,4.3,7.9,3.6,2.1,2025-02-07
"Pascal Siakam","Indiana Pacers","Vet",32.3,99.5,21.1,3.5,5.8,1.8,0.5,0.9,1.4,15.5,4,4.2,3.2,2.5,2025-02-07
"Miles Bridges","Charlotte Hornets","Vet",32.8,98.4,21.1,4.1,6.3,1,0.5,0.8,2.2,17.6,3.6,6.4,4.7,1.6,2025-02-07
"CJ McCollum","New Orleans Pelicans","Vet",32.2,99.6,20.8,3.8,3,0.6,0.4,0.9,1.8,16.8,3,7.5,3,2.1,2025-02-07
"Evan Mobley","Cleveland Cavaliers","Vet",31.8,100.7,20.6,3.7,7.4,2.4,1.5,0.9,2,14.4,4.6,3.9,5.6,2.1,2025-02-07
"James Harden","Los Angeles Clippers","Vet",33.5,98,20.2,8.5,4.5,0.6,0.6,1.3,3.5,14.7,5.9,7.6,1.8,2,2025-02-07
"Malik Monk","Sacramento Kings","Vet",33.6,99.7,20,6.1,3.4,0.5,0.5,1,2.4,16,3.3,6.7,3.2,2.6,2025-02-07
"Ja Morant","Memphis Grizzlies","Vet",28.8,104,19.7,7.2,3.6,0.7,0.3,1.2,3.2,15,5.5,5.2,4.7,1.8,2025-02-07
"Paolo Banchero","Orlando Magic","Vet",31,96.4,19.5,4.7,5.5,0.9,0.6,0.8,2.7,16.7,6.1,4.3,3.9,1.8,2025-02-07
"Alperen Sengun","Houston Rockets","Vet",31.4,97.5,19.4,5.1,6.9,3.3,0.7,1.2,2.4,14.7,5.3,1.5,5.7,2.8,2025-02-07
"Michael Porter Jr.","Denver Nuggets","Vet",32.7,99.8,19.3,2,4.8,1.6,0.5,0.6,1.2,14.1,2.5,7,3.4,1.7,2025-02-07
"Domantas Sabonis","Sacramento Kings","Vet",34.5,99.4,18.9,6.3,10.5,3.8,0.5,0.8,2.7,12.5,4.5,2.9,5.6,3.2,2025-02-07
"Kristaps Porzingis","Boston Celtics","Vet",28.8,98.2,18.7,2.3,5.3,1.4,1.7,0.8,1.3,13.4,4.4,5.9,2.8,2.8,2025-02-07
"Anfernee Simons","Portland Trail Blazers","Vet",32.5,96.9,18.6,5.4,2.4,0.3,0.2,0.7,1.9,14.9,2.4,8.4,2,1.8,2025-02-07
"Coby White","Chicago Bulls","Vet",32.4,101.7,18.5,4.6,2.8,0.4,0.1,0.8,2.2,14,3.4,7.5,3.4,2.1,2025-02-07
"Bam Adebayo","Miami Heat","Vet",34.3,96,18.4,4.7,7.6,2.5,0.8,1.2,2.3,14.3,4.1,2.7,3,2.2,2025-02-07
"Mikal Bridges","New York Knicks","Vet",37.6,97.5,18.4,3.2,2.6,0.9,0.4,1,1.5,14.7,1.8,6,3.1,1.5,2025-02-07
"Austin Reaves","Los Angeles Lakers","Vet",33,98.5,18.1,5.9,3.2,0.7,0.2,0.9,2.3,13,4.5,6.2,2.2,1.8,2025-02-07
"John Collins","Utah Jazz","Vet",30.7,100.9,18.1,2.2,6.3,2.3,1.1,0.8,1.9,13.1,3.8,3.5,4.1,3.1,2025-02-07
"Kawhi Leonard","Los Angeles Clippers","Vet",27.4,97.8,17.6,2.8,4,0.9,0.6,1.2,1.5,14.3,2.8,4.6,2.4,1.3,2025-02-07
"Devin Vassell","San Antonio Spurs","Vet",31.9,99,17.3,3.3,3.1,0.5,0.4,1.1,1.3,14.6,2,6.6,2.5,1.5,2025-02-07
"Paul George","Philadelphia 76ers","Vet",31.1,97.8,17.2,4.3,4.6,0.6,0.4,1.4,2.1,13.8,2.9,6.4,1.6,2.5,2025-02-07
"Tyrese Haliburton","Indiana Pacers","Vet",32.1,99.9,17.1,7.4,3,0.6,0.6,1.3,1.7,12.5,2.7,7,1.4,1.2,2025-02-07
"Cameron Johnson","Brooklyn Nets","Vet",29,95.6,17,2.7,3,0.6,0.3,0.8,1.4,12.6,2.9,7.5,2.1,1.7,2025-02-07
"Nikola Vucevic","Chicago Bulls","Vet",30.2,101.4,16.6,3.4,7.8,2.3,0.7,0.8,1.4,12.7,1.7,4.1,3,2.1,2025-02-07
"Dyson Daniels","Atlanta Hawks","Vet",35.5,102.3,16.3,4.9,4.2,1.8,0.7,2.3,2.4,13.3,2.6,3.3,4.2,2.4,2025-02-07
"Gradey Dick","Toronto Raptors","Sophomore",31.3,98.5,16.3,2.2,2.8,0.8,0.2,0.9,1.4,13.5,2.9,6.1,3.3,2,2025-02-07
"Amen Thompson","Houston Rockets","Sophomore",35.1,97.5,15.8,4.4,5.9,3,1.2,1.6,2.3,11.3,4.2,0.9,5.7,2.6,2025-02-07
"Ty Jerome","Cleveland Cavaliers","Vet",26.2,98.4,15.8,4.7,2.4,0.8,0.1,1.2,1.5,11.8,2.4,4.7,2.1,1.7,2025-02-07
"Kelly Oubre Jr.","Philadelphia 76ers","Vet",35.5,96.6,15.7,2.3,5,1.7,0.5,1.4,1.4,12.1,3.5,3.5,4.4,2.8,2025-02-07
"Keyonte George","Utah Jazz","Sophomore",28,99,15.5,5.2,2.8,0.3,0.2,0.7,2.4,11.9,3.8,6.6,1.3,1.8,2025-02-07
"Deandre Ayton","Portland Trail Blazers","Vet",29.9,97,15.3,2,7,3,0.9,0.8,1.5,12.1,1.8,0.3,4.4,2.1,2025-02-07
"Bilal Coulibaly","Washington Wizards","Sophomore",34.4,101.2,15.3,4.4,3.9,1.3,0.7,1.3,2.3,12.4,3.6,4.1,3.3,2.2,2025-02-07
"Naz Reid","Minnesota Timberwolves","Vet",28.6,96.4,15.2,2.2,4.8,1.1,0.9,0.8,1.3,11.5,1.8,6,2.8,2.2,2025-02-07
"Bradley Beal","Phoenix Suns","Vet",28.4,97.2,15.2,3.5,2.3,0.7,0.4,0.9,1.8,11.3,2.4,4,2.3,2.2,2025-02-07
"Deni Avdija","Portland Trail Blazers","Vet",29.5,96.7,15.1,3.4,5.4,1.1,0.4,0.9,2.3,11,4.2,4.9,3.7,2.3,2025-02-07
"Onyeka Okongwu","Atlanta Hawks","Vet",30.4,102.6,15,2.8,6.4,3.4,1.1,0.9,1.4,10.5,3.2,2.2,5.7,2.7,2025-02-07
"Corey Kispert","Washington Wizards","Vet",30.8,99.4,15,2.2,2.7,0.7,0.2,0.7,1.2,11.7,1.9,6.3,2.4,1.7,2025-02-07
"Bennedict Mathurin","Indiana Pacers","Vet",28.3,99.2,15,1.9,3.5,1.1,0.3,0.6,1.5,11.3,3.4,4.2,3.2,2.1,2025-02-07
"Jarrett Allen","Cleveland Cavaliers","Vet",30.2,99.3,14.8,2.4,8.3,3.1,0.9,0.9,1.2,9.4,3.8,0.5,5.3,1.5,2025-02-07
"Derrick White","Boston Celtics","Vet",31.4,97.2,14.4,3.7,3,0.7,1,0.9,1.2,11.2,1.7,7.9,1.2,1.8,2025-02-07
"LaMelo Ball","Charlotte Hornets","Vet",18.1,100.8,14.4,4,2.3,0.5,0.2,0.8,2,11.3,2.9,6,1.9,1.8,2025-02-07
"Ivica Zubac","Los Angeles Clippers","Vet",30.8,98.9,14.1,2.3,8.5,3.5,1.1,0.6,1.4,10.4,2.9,0.4,5.6,2.1,2025-02-07
"Myles Turner","Indiana Pacers","Vet",27.7,98.6,14.1,1.6,4.7,1.3,1.5,0.7,1.5,10.7,2.8,5,2.1,2.7,2025-02-07
"Josh Hart","New York Knicks","Vet",36.8,97,14,5.6,7.7,2.3,0.3,1.3,1.9,10.6,2.5,3.1,4.6,2.4,2025-02-07
"Shaedon Sharpe","Portland Trail Blazers","Vet",24.8,97.3,14,1.9,2.5,0.5,0.2,0.7,1.3,11.6,2.5,5.2,2.8,1.6,2025-02-07
"Daniel Gafford","Dallas Mavericks","Vet",27.2,98.1,13.9,1.9,5.5,3.1,2.3,0.6,1.4,8.5,3.6,0.3,7,3,2025-02-07
"Bobby Portis","Milwaukee Bucks","Vet",24.8,98.8,13.9,2.1,6.5,1.7,0.5,0.7,1.3,11.8,1.4,3.7,2.5,1.9,2025-02-07
"Dillon Brooks","Houston Rockets","Vet",31.6,97.5,13.9,1.7,2.7,0.9,0.2,0.8,0.9,11.3,1.6,6.2,1.7,3.2,2025-02-07
"Christian Braun","Denver Nuggets","Vet",29.9,99.6,13.8,2.1,3.5,1.3,0.4,0.9,0.9,9.9,2.4,2.6,4.3,2,2025-02-07
"Keon Johnson","Brooklyn Nets","Vet",27.9,96.1,13.8,2.8,3,0.7,0.3,1.1,1.8,12,2.6,5.8,2.9,2.5,2025-02-07
"Klay Thompson","Dallas Mavericks","Vet",26.4,98.3,13.7,2,2.6,0.5,0.3,0.6,1.1,11.3,0.9,7.1,0.6,1.3,2025-02-07
"Malik Beasley","Detroit Pistons","Vet",24.4,100.4,13.6,1.7,2.1,0.4,0.1,0.7,0.8,10.8,1.2,8.2,0.6,1.5,2025-02-07
"Zaccharie Risacher","Atlanta Hawks","Rookie",27.2,103.2,13.6,1.7,2.6,1.4,0.4,0.9,1.3,11.2,2.5,4.7,3.3,2,2025-02-07
"Nick Smith Jr.","Charlotte Hornets","Sophomore",30.5,97.4,13.6,2.8,2.7,0.4,0.2,0.7,1.4,12.2,0.9,6.7,0.9,1.8,2025-02-07
"Luka Doncic","Los Angeles Lakers","Vet",19.3,98,13.5,4,4,0.5,0.2,0.9,2.1,10.8,3.3,5.3,1.3,1.4,2025-02-07
"Nikola Jovic","Miami Heat","Vet",30.5,97,13.5,3.9,4.2,0.7,0.4,1,1.6,9.9,2.3,5.9,2.1,2.1,2025-02-07
"Terry Rozier","Miami Heat","Vet",27.5,97.1,13.4,3.1,3,0.6,0.2,0.8,1.2,11.2,2,5.1,2.1,1.4,2025-02-07
"Jerami Grant","Portland Trail Blazers","Vet",30.6,97,13.4,2.3,2.6,0.6,0.8,0.7,1.2,10.5,3,5.3,2.5,2,2025-02-07
"D'Angelo Russell","Brooklyn Nets","Vet",24.3,96.7,13.2,5.1,2.2,0.3,0.4,0.8,1.9,10.7,2.3,5.7,1.3,1.7,2025-02-07
"Tobias Harris","Detroit Pistons","Vet",30.7,99.1,13.1,2.1,4.8,0.9,0.7,0.8,0.9,10.4,1.7,3.3,1.5,1.7,2025-02-07
"Rui Hachimura","Los Angeles Lakers","Vet",30.3,98.1,12.9,1.6,3.5,1.2,0.4,0.7,0.7,9.4,1.7,4.1,3,1.7,2025-02-07
"Josh Giddey","Chicago Bulls","Vet",28.7,101.7,12.9,6,5.2,1.6,0.5,0.9,2.3,10.1,1.8,3.9,2.9,1.6,2025-02-07
"Ja'Kobe Walter","Toronto Raptors","Rookie",30.8,96.5,12.9,2.7,2.7,0.9,0.3,1,1.3,10.9,2.3,5.1,2.8,2.5,2025-02-07
"Anthony Davis","Dallas Mavericks","Vet",18.6,97.3,12.8,1.8,4.9,1.7,1.2,0.6,1.2,10,3.6,1,3,1.3,2025-02-07
"Mark Williams","Los Angeles Lakers","Vet",24.1,97.3,12.6,2.1,5.6,3,1,0.7,1.2,9.1,3.4,0.3,6.2,2.3,2025-02-07
"Jamal Shead","Toronto Raptors","Rookie",32.2,96.6,12.2,6.6,1.9,0.6,0.2,1.1,2.4,10.6,1.7,4.9,2.1,2.6,2025-02-07
"Keegan Murray","Sacramento Kings","Vet",33.1,99.4,12.1,1.5,4.4,1.7,0.7,0.8,0.7,9.9,1,5.3,1.9,2.3,2025-02-07
"Aaron Wiggins","Oklahoma City Thunder","Vet",25.3,100.1,12,1.9,2.9,1.2,0.3,0.9,1,9.5,1.2,4.2,3.1,1.5,2025-02-07
"Brook Lopez","Milwaukee Bucks","Vet",30.7,99.2,11.9,1.8,3.6,1.2,1.7,0.6,0.9,9.1,1.4,5.2,2,2.1,2025-02-07
"Jalen Duren","Detroit Pistons","Vet",26.4,99.8,11.9,2.1,6.8,3.6,1.1,0.7,1.6,7.5,2.8,0.4,5.1,2.9,2025-02-07
"Ayo Dosunmu","Chicago Bulls","Vet",29.2,100.9,11.9,4.3,2.4,0.7,0.4,0.9,1.4,9,1.3,4,3.3,2,2025-02-07
"Jaden McDaniels","Minnesota Timberwolves","Vet",31.7,95.8,11.8,1.9,4.1,1.4,0.8,1.2,1.1,9.5,1.4,3.6,2.9,2.8,2025-02-07
"Stephon Castle","San Antonio Spurs","Rookie",22.1,100.1,11.8,3.2,1.9,0.7,0.2,0.7,1.7,9.9,3.1,3.2,3.7,1.6,2025-02-07
"Harrison Barnes","San Antonio Spurs","Vet",27.1,98.3,11.7,1.9,2.5,1.2,0.2,0.5,0.7,8.1,2.5,3.8,2.7,1.1,2025-02-07
"Jonathan Kuminga","Golden State Warriors","Vet",18.1,97.8,11.6,1.7,2.5,0.9,0.3,0.6,1.2,9.2,3.5,2.4,2.4,1.6,2025-02-07
"Scoot Henderson","Portland Trail Blazers","Sophomore",23.1,97.9,11.6,5,2,0.6,0.2,0.9,2.1,8.8,2.6,4.1,2.3,2.3,2025-02-07
"Kel'el Ware","Miami Heat","Rookie",27.1,96.9,11.6,1.3,6.2,2.1,1.2,0.7,1,8.8,1.5,2.8,3.2,2,2025-02-07
"Tim Hardaway Jr.","Detroit Pistons","Vet",29.3,98.7,11.5,1.6,2.3,0.3,0.1,0.6,0.6,8.6,1.9,6,0.7,1.4,2025-02-07
"Payton Pritchard","Boston Celtics","Vet",26,95.1,11.4,3.5,2.3,1,0.2,0.7,0.9,8.9,0.9,6.1,1.2,1.5,2025-02-07
"Guerschon Yabusele","Philadelphia 76ers","Vet",28,96.8,11.4,2.2,4,2.1,0.4,0.8,1.1,8.2,2.1,3.5,2.9,2.3,2025-02-07
"Andrew Nembhard","Indiana Pacers","Vet",28.1,99.4,11.3,4.9,2.5,0.6,0.2,1,1.7,8.6,2,2.4,1.8,2.3,2025-02-07
"Max Strus","Cleveland Cavaliers","Vet",29.4,100.1,11.1,3.5,3.9,0.9,0.3,0.8,1.1,8.9,0.9,6.6,1.6,2,2025-02-07
"Carlton Carrington","Washington Wizards","Rookie",32.9,100.1,11.1,5.2,3.5,0.5,0.1,0.9,1.4,9.6,1.2,5.8,0.8,2.2,2025-02-07
"Rudy Gobert","Minnesota Timberwolves","Vet",32.5,95.7,11,1.8,7.1,3.4,1.6,0.7,1.3,6.7,3.9,0.4,5.2,2.5,2025-02-07
"Keldon Johnson","San Antonio Spurs","Vet",21,99.7,11,1.5,2.7,1.1,0.2,0.5,0.8,8.5,2.2,3.4,2.9,1.3,2025-02-07
"Aaron Gordon","Denver Nuggets","Vet",24.9,101.1,10.9,3,3,1.6,0.4,0.6,1.2,7.8,2.5,2.6,3.4,1.5,2025-02-07
"Brandin Podziemski","Golden State Warriors","Sophomore",25.6,98.1,10.9,3.7,3.7,1,0.2,0.9,1.1,8.4,1.5,4.5,1.2,1.4,2025-02-07
"Kyshawn George","Washington Wizards","Rookie",30.1,99.4,10.9,2.7,3.6,0.8,0.7,1,1.4,9.1,1.3,6.4,1.3,2.7,2025-02-07
"Walker Kessler","Utah Jazz","Vet",29.9,98.4,10.8,1.6,7.1,4.4,2,0.6,1.3,6.7,2.4,0.4,4.9,2.3,2025-02-07
"Toumani Camara","Portland Trail Blazers","Sophomore",32.6,97.3,10.8,2.2,4.1,2.3,0.6,1.3,1.3,8.5,1.9,3.8,3.6,2.8,2025-02-07
"Derrick Jones Jr.","Los Angeles Clippers","Vet",26,98.7,10.7,1.2,2.4,1.5,0.6,0.9,0.8,8.2,1.5,2.9,3.5,2,2025-02-07
"Duncan Robinson","Miami Heat","Vet",24.7,96.3,10.7,2.6,2.1,0.3,0.1,0.6,1,8.5,0.7,6.3,1,1.9,2025-02-07
"Buddy Hield","Golden State Warriors","Vet",23.4,98.2,10.7,2,2.5,0.6,0.3,0.8,1,9.1,0.7,6.2,1.1,1.6,2025-02-07
"Jimmy Butler","Golden State Warriors","Vet",20.9,96.6,10.6,3.1,2.1,1.3,0.2,0.9,1,7.4,3.7,1.1,2.6,0.9,2025-02-07
"Cole Anthony","Orlando Magic","Vet",20,95.8,10.5,3.1,2.4,0.7,0.3,0.7,1.5,8.9,1.8,3.5,1.3,2.2,2025-02-07
"Isaiah Hartenstein","Oklahoma City Thunder","Vet",26.7,99.7,10.4,3.8,7.1,3.1,1,0.9,1.6,8,2.2,0.4,2.9,2.8,2025-02-07
"Isaiah Collier","Utah Jazz","Rookie",28.2,99.5,10.3,6.8,2.9,0.6,0.2,1,3,9.1,1.5,2.6,2.3,2.3,2025-02-07
"Tari Eason","Houston Rockets","Vet",23.4,99,10.2,1.4,4.1,2,0.8,1.5,0.9,8.1,1.6,2.6,3.6,2.2,2025-02-07
"Grayson Allen","Phoenix Suns","Vet",25.8,97.6,10.2,2.1,2.7,0.6,0.3,0.8,0.8,7.3,1.2,5.6,0.8,1.4,2025-02-07
"Isaiah Joe","Oklahoma City Thunder","Vet",21.8,99.3,10,1.4,2,0.4,0.1,0.7,0.5,8.2,0.8,6.3,0.7,1.5,2025-02-07
"Moses Moody","Golden State Warriors","Vet",21.2,98.2,10,1.5,2,0.7,0.3,0.6,0.7,7.7,1.5,4.8,1,1.5,2025-02-07
"Naji Marshall","Dallas Mavericks","Vet",21.2,96.8,9.9,2.1,2.5,0.7,0.1,0.8,1.1,7.9,1.5,2.7,1.8,1.4,2025-02-07
"Nicolas Claxton","Brooklyn Nets","Vet",25.4,95.5,9.9,2,5.5,2,1.4,0.7,1.2,7.7,2.5,0.3,3.9,1.9,2025-02-07
"Ochai Agbaji","Toronto Raptors","Vet",26.1,98.1,9.9,1.8,2.5,0.9,0.5,0.8,0.7,7.8,1,4.1,2.8,1.7,2025-02-07
"KJ Simpson","Charlotte Hornets","Rookie",26,95.7,9.9,3.5,1.7,1,0.2,1,1.7,9.2,2.2,4.1,2,2,2025-02-07
"Luguentz Dort","Oklahoma City Thunder","Vet",27.5,100.3,9.6,1.6,2.6,1.2,0.5,0.9,0.7,7.6,0.8,5.4,1.1,2.8,2025-02-07
"Ausar Thompson","Detroit Pistons","Sophomore",23.1,99.7,9.6,1.9,3.7,1.9,0.6,1.3,1.3,7.4,2.3,1,3.5,2.5,2025-02-07
"Santi Aldama","Memphis Grizzlies","Vet",19,102.3,9.6,1.6,3.7,1.1,0.5,0.6,0.8,7.8,1.3,4,1.9,1,2025-02-07
"Chris Paul","San Antonio Spurs","Vet",28.6,97.9,9.5,7.2,3.4,0.4,0.2,1.3,1.4,7.1,1.3,4.7,0.2,1.9,2025-02-07
"GG Jackson","Memphis Grizzlies","Sophomore",16.9,98.9,9.5,1,2.1,0.9,0.2,0.5,1,8.1,2.1,4,2.5,1,2025-02-07
"Tyus Jones","Phoenix Suns","Vet",25.5,98.3,9.3,4.9,1.7,0.4,0.1,0.9,0.9,7.5,0.6,4.3,0.5,0.9,2025-02-07
"Cam Whitmore","Houston Rockets","Sophomore",16.9,97,9.2,1,2.4,0.7,0.3,0.6,0.8,7.6,1.4,3.7,2.1,1.1,2025-02-07
"Spencer Dinwiddie","Dallas Mavericks","Vet",21.4,98.6,9.2,3.2,1.8,0.3,0.2,0.6,1.1,6.8,2.4,3.4,1,1.3,2025-02-07
"Tosan Evbuomwan","Brooklyn Nets","Sophomore",22.7,93.2,9.2,1.5,2.7,1,0.3,0.6,1.4,7,2.2,2.2,1.8,1.8,2025-02-07
"Ziaire Williams","Brooklyn Nets","Vet",22.4,95.4,9.1,1.5,3.3,0.9,0.3,0.8,0.9,7.3,1.8,4,2.4,2,2025-02-07
"Jeremy Sochan","San Antonio Spurs","Vet",22.6,98.3,9,2.2,3.8,1.9,0.4,0.7,1.2,6.9,1.8,1.4,3.8,2.1,2025-02-07
"Jaylen Wells","Memphis Grizzlies","Rookie",23.8,102.2,9,1.5,2.1,0.9,0.1,0.6,0.7,7.2,1.2,4.2,1,1.7,2025-02-07
"Jaime Jaquez Jr.","Miami Heat","Sophomore",21.1,97.4,9,2.4,2.9,1,0.2,0.9,1.3,6.9,2.3,1.6,2.1,1.6,2025-02-07
"Kentavious Caldwell-Pope","Orlando Magic","Vet",28.7,94.9,8.9,1.7,1.8,0.4,0.4,1.2,0.7,7.1,1,4.2,0.7,1.7,2025-02-07
"Mike Conley","Minnesota Timberwolves","Vet",25.3,95.5,8.8,4.8,2.2,0.5,0.2,1.1,1.1,6.7,1.2,4.5,0.6,1.5,2025-02-07
"Luke Kennard","Memphis Grizzlies","Vet",20.8,103.1,8.8,3,2,0.5,0,0.5,1,6.6,0.8,4.2,0.5,0.8,2025-02-07
"Vit Krejci","Atlanta Hawks","Vet",24.7,100.6,8.8,2.9,2.5,0.5,0.4,0.8,1,7,0.9,4.8,1,2.2,2025-02-07
"Khris Middleton","Washington Wizards","Vet",16.4,98.4,8.7,2.9,2.4,0.4,0.1,0.5,1.1,6.6,1.3,2.8,0.7,1.5,2025-02-07
"Zach Edey","Memphis Grizzlies","Rookie",20,101.9,8.7,1,4.6,2.9,1.2,0.5,1.2,6.2,1.8,1.1,3.5,2.5,2025-02-07
"Justin Champagnie","Washington Wizards","Vet",19.7,100.3,8.6,1.2,3.1,1.3,0.6,0.9,0.8,6.7,1.3,3.4,2.1,1.9,2025-02-07
"Gary Trent Jr.","Milwaukee Bucks","Vet",20.2,97.6,8.6,1.1,1.8,0.2,0.1,0.8,0.4,6.6,0.7,4.6,0.5,1.3,2025-02-07
"Max Christie","Dallas Mavericks","Vet",23.3,97.8,8.6,1.6,2.3,0.5,0.4,0.6,0.7,6.5,1.7,3.6,1.3,1.5,2025-02-07
"Wendell Carter Jr.","Orlando Magic","Vet",22.1,96.4,8.5,1.9,4.4,1.7,0.4,0.6,1,6.3,2.6,2,2.2,2.4,2025-02-07
"Jalen Wilson","Brooklyn Nets","Sophomore",24.1,94.6,8.5,1.9,2.2,1,0.1,0.5,1,7,1.6,3.7,1.7,1.8,2025-02-07
"Royce O'Neale","Phoenix Suns","Vet",24.1,97.9,8.4,2,3.9,0.7,0.3,0.8,0.7,6.9,0.2,5.6,0.7,2,2025-02-07
"Tristan Vukcevic","Washington Wizards","Sophomore",16.2,97.8,8.4,1.1,2.5,1.1,0.5,0.4,1,7,2.1,3.8,1.9,2,2025-02-07
"Jonas Valanciunas","Sacramento Kings","Vet",15.5,97.6,8.4,1.6,4.4,1.9,0.4,0.3,1.2,6.4,1.7,0.5,2.2,1.7,2025-02-07
"Jordan Hawkins","New Orleans Pelicans","Sophomore",18.2,98.5,8.4,1,1.6,0.3,0.2,0.5,0.6,7.7,1.2,4.4,0.7,0.8,2025-02-07
"Chet Holmgren","Oklahoma City Thunder","Vet",14.4,100.2,8.2,1,3.1,0.9,1.1,0.4,0.9,6,1.9,2.2,1.8,1.2,2025-02-07
"Draymond Green","Golden State Warriors","Vet",27.7,99.9,8.2,5.4,5,1.1,0.8,1.1,2.1,6.9,1.5,3.4,1.5,2.8,2025-02-07
"Craig Porter","Cleveland Cavaliers","Sophomore",19.5,96.3,8.2,2.7,1.9,0.5,0.4,0.6,1.1,5.9,1.2,2.1,1.9,1.2,2025-02-07
"Nick Richards","Phoenix Suns","Vet",21.1,97.3,8.2,1,5.1,2.3,0.9,0.4,1.2,5.5,2.4,0.3,3.3,2.2,2025-02-07
"Justin Edwards","Philadelphia 76ers","Rookie",24.7,97.8,8.2,1.6,2.4,0.9,0.4,0.8,0.8,6.5,0.7,4.2,1.4,2,2025-02-07
"Patrick Williams","Chicago Bulls","Vet",21.1,102.4,8.1,1.6,2.6,0.6,0.5,0.7,1,7.1,1.3,3.5,1.8,1.3,2025-02-07
"Josh Green","Charlotte Hornets","Vet",29.4,97.7,8,1.7,2.2,0.9,0.2,1,0.8,6,1,3.4,1.4,2.4,2025-02-07
"Amir Coffey","Los Angeles Clippers","Vet",21.8,97.6,8,1,1.6,0.4,0.1,0.5,0.6,5.9,1.2,3,0.9,1.4,2025-02-07
"Yves Missi","New Orleans Pelicans","Rookie",26,98.4,7.9,1.4,4.3,3.1,1.2,0.5,1,5.4,2,0.3,3.8,2.1,2025-02-07
"Matas Buzelis","Chicago Bulls","Rookie",18.1,101.2,7.8,0.6,2.6,0.9,1,0.4,0.7,5.8,1.2,2.8,2.2,1.7,2025-02-07
"Julius Randle","Minnesota Timberwolves","Vet",13.9,96.7,7.7,2,2.2,0.9,0.1,0.3,1.2,6,2.1,1.9,1.8,1.2,2025-02-07
"Nickeil Alexander-Walker","Minnesota Timberwolves","Vet",21.7,96.2,7.7,2.1,2,0.4,0.2,0.6,0.9,6.4,0.8,4.2,1,1.4,2025-02-07
"Obi Toppin","Indiana Pacers","Vet",15.2,101.1,7.7,1.2,2.6,0.6,0.3,0.5,0.6,5.6,1.1,2.7,1.8,1.1,2025-02-07
"Jonathan Mogbo","Toronto Raptors","Rookie",22.3,96.5,7.7,2,3.3,2.1,0.5,0.8,1,6.2,1.6,1.6,2.7,2.3,2025-02-07
"Julian Champagnie","San Antonio Spurs","Vet",18.8,100.2,7.5,1.1,2.4,0.6,0.3,0.6,0.6,6,0.8,4.5,1,1.1,2025-02-07
"Day'Ron Sharpe","Brooklyn Nets","Vet",16.4,94.2,7.4,1.5,3.1,2.2,0.6,0.6,1.1,5.7,1.8,0.9,3.3,2.1,2025-02-07
"Larry Nance Jr.","Atlanta Hawks","Vet",20.3,99.5,7.4,1.8,3.7,1.5,0.4,0.9,0.7,6.2,0.9,2.8,1.7,1.7,2025-02-07
"Brandon Clarke","Memphis Grizzlies","Vet",16.9,101.3,7.3,0.9,2.8,1.8,0.5,0.7,0.6,5.1,1.4,0.3,2.6,2.2,2025-02-07
"Richaun Holmes","Washington Wizards","Vet",22.1,97.6,7.3,1.4,4.5,2.4,0.9,0.4,0.9,5.2,1.4,0.2,3.1,2.4,2025-02-07
"Precious Achiuwa","New York Knicks","Vet",21.8,97.8,7.2,1.1,3.8,2.4,0.9,0.8,0.8,5.4,1.2,0.7,3.3,1.8,2025-02-07
"Taurean Prince","Milwaukee Bucks","Vet",23.2,99.6,7.2,1.9,2.6,0.4,0.2,0.7,0.8,5.7,0.4,4,0.8,1.7,2025-02-07
"Julian Strawther","Denver Nuggets","Sophomore",17.3,99.4,7.2,1.2,1.4,0.3,0.2,0.5,0.5,6,0.9,3.4,0.9,1.6,2025-02-07
"Keon Ellis","Sacramento Kings","Vet",19.5,98.7,7.1,1.2,1.7,0.6,0.6,1.1,0.6,5.2,0.9,3.7,0.6,1.6,2025-02-07
"Dorian Finney-Smith","Los Angeles Lakers","Vet",23.7,97.7,7.1,1.3,2.4,1.1,0.3,0.7,0.6,5.2,0.5,3.8,1.1,1.9,2025-02-07
"T.J. McConnell","Indiana Pacers","Vet",14,100.9,7.1,3.4,1.5,0.5,0.2,0.8,1.1,6.5,0.8,0.6,1.8,0.9,2025-02-07
"Dante Exum","Dallas Mavericks","Vet",16.3,99.9,7.1,2.3,1.5,0.4,0.1,0.4,1.1,5.6,1.3,2.6,1.9,1.2,2025-02-07
"Garrison Mathews","Atlanta Hawks","Vet",17.4,101.7,7.1,1.2,1.6,0.3,0.2,0.5,0.5,5.7,1.4,4.4,0.3,1.7,2025-02-07
"Dejounte Murray","New Orleans Pelicans","Vet",12.2,100.9,7.1,2.7,2,0.3,0.1,0.6,1.1,6.2,1.3,2.1,1.2,0.7,2025-02-07
"Goga Bitadze","Orlando Magic","Vet",18.9,94.2,7,1.8,4.2,2.2,1.3,0.6,1,4.7,1.6,0.3,3.3,1.9,2025-02-07
"Miles McBride","New York Knicks","Vet",17.9,97.5,7,1.9,1.2,0.5,0.1,0.7,0.5,6,0.6,3.5,1,1.2,2025-02-07
"Keaton Wallace","Atlanta Hawks","Rookie",19.1,99.1,7,2.9,1.5,0.3,0.2,0.9,1.2,6,0.8,3.3,0.7,1.5,2025-02-07
"Thomas Bryant","Indiana Pacers","Vet",14.9,98.4,6.9,1,2.7,1.4,0.6,0.4,0.6,5,1.2,2.2,1.7,1.1,2025-02-07
"Bogdan Bogdanovic","Los Angeles Clippers","Vet",15.9,99.5,6.9,1.3,1.4,0.3,0.2,0.6,0.7,5.8,0.8,3.7,0.9,1.3,2025-02-07
"Anthony Black","Orlando Magic","Sophomore",18.1,96.6,6.9,2.3,1.5,0.5,0.2,0.7,1.2,5.6,2.2,1.6,1.9,1.6,2025-02-07
"Donte DiVincenzo","Minnesota Timberwolves","Vet",15.1,97,6.8,2,1.6,0.4,0.1,0.7,0.9,5.8,0.8,4,0.9,1,2025-02-07
"Jaylon Tyson","Cleveland Cavaliers","Rookie",17.9,96.7,6.7,1.6,2.5,1.1,0.2,0.5,0.8,5.6,1.1,2.3,1.8,1.7,2025-02-07
"Jaylin Williams","Oklahoma City Thunder","Vet",18.2,99.3,6.6,2.5,4.4,1.3,0.6,0.6,0.7,5.5,0.8,3.5,1.2,1.9,2025-02-07
"Jamison Battle","Toronto Raptors","Rookie",15.9,96.5,6.6,1.3,1.7,0.7,0.2,0.3,0.5,5.2,0.6,3.8,0.6,1.3,2025-02-07
"Brice Sensabaugh","Utah Jazz","Sophomore",12.5,100.2,6.6,1,1.5,0.4,0.1,0.4,0.7,5.4,0.7,3.2,0.4,1.1,2025-02-07
"Jalen Smith","Chicago Bulls","Vet",12,100.5,6.5,0.8,3.1,1.1,0.5,0.2,0.4,5,1.1,2.8,1.6,1.3,2025-02-07
"Aaron Nesmith","Indiana Pacers","Vet",17.8,100.5,6.5,1.2,2.1,0.6,0.3,0.5,0.6,4.7,1.3,2.3,1.2,2.1,2025-02-07
"Eric Gordon","Philadelphia 76ers","Vet",18.7,97.3,6.5,1.5,1.1,0.2,0.3,0.6,0.6,4.8,0.9,3.5,0.8,0.9,2025-02-07
"Tyrese Martin","Brooklyn Nets","Vet",17.5,94.9,6.5,1.4,2.1,0.8,0.1,0.4,0.9,5.7,0.7,3.6,0.8,1,2025-02-07
"Moussa Diabate","Charlotte Hornets","Vet",20.6,94.4,6.4,1,4.1,2.7,0.6,0.7,1,4.2,2.1,0.2,2.9,1.7,2025-02-07
"Tidjane Salaün","Charlotte Hornets","Rookie",19.9,96.3,6.3,1.3,3,1.1,0.3,0.6,0.9,5.7,1.2,3.3,1.4,1.5,2025-02-07
"Scotty Pippen Jr.","Memphis Grizzlies","Vet",13.8,102.3,6.2,2.8,1.6,0.5,0.2,0.8,1.1,4.7,1.4,1.9,1.4,1.7,2025-02-07
"Ronald Holland II","Detroit Pistons","Rookie",14.3,97.1,6.2,0.9,1.9,0.5,0.1,0.5,0.8,5,1.1,2.1,1.5,1.6,2025-02-07
"Sam Hauser","Boston Celtics","Vet",15.8,94.9,6.1,0.9,1.9,0.4,0.2,0.4,0.2,4.7,0.2,4.2,0.2,0.9,2025-02-07
"Haywood Highsmith","Miami Heat","Vet",21.5,96.5,6.1,1.3,2.1,0.8,0.4,0.8,0.6,4.8,0.5,2.9,0.9,1.8,2025-02-07
"Al Horford","Boston Celtics","Vet",20.4,96.2,6,1.5,3.4,1,0.7,0.5,0.4,5.4,0.3,3.7,0.8,1.2,2025-02-07
"Jabari Smith Jr.","Houston Rockets","Vet",15.1,97.1,6,0.7,2.4,0.8,0.4,0.3,0.5,4.8,1.1,2.3,0.8,1.3,2025-02-07
"Herbert Jones","New Orleans Pelicans","Vet",17.5,97.4,5.9,1.7,1.6,0.6,0.3,0.9,0.9,4.6,1.1,2,1.4,1.9,2025-02-07
"A.J. Green","Milwaukee Bucks","Vet",17.3,97.3,5.8,1.1,1.5,0.2,0.1,0.4,0.4,4.5,0.3,3.7,0.1,1.5,2025-02-07
"Tristan da Silva","Orlando Magic","Rookie",17.4,95.3,5.8,1.2,1.9,0.8,0.2,0.4,0.6,4.8,0.7,2.4,1.2,1.2,2025-02-07
"Gabe Vincent","Los Angeles Lakers","Vet",19.1,96.8,5.8,1.4,1.1,0.2,0.2,0.6,0.6,4.9,0.3,3.9,0.5,1.9,2025-02-07
"Bruce Brown","New Orleans Pelicans","Vet",14,97,5.8,1.3,1.7,0.5,0.1,0.5,0.6,4.9,1,1.3,1.3,1.1,2025-02-07
"Kelly Olynyk","New Orleans Pelicans","Vet",13.3,97.6,5.7,1.9,2.2,0.8,0.3,0.5,0.9,4.2,1.2,1.6,1.3,1.8,2025-02-07
"James Wiseman","Toronto Raptors","Vet",12.9,98,5.7,0.9,2.7,1.3,0.4,0.2,0.7,4.8,1.3,0.7,1.6,1.5,2025-02-07
"Moritz Wagner","Orlando Magic","Vet",8.9,97.4,5.5,0.7,1.6,0.7,0.2,0.3,0.7,3.9,1.5,1.2,2,1,2025-02-07
"Chris Boucher","Toronto Raptors","Vet",9,96.7,5.3,0.4,1.6,0.7,0.3,0.3,0.3,3.8,0.9,2.1,1.1,0.8,2025-02-07
"Ben Simmons","Brooklyn Nets","Vet",20.2,94.8,5.3,5.5,3.5,1,0.4,0.7,1.9,4.4,1,0.3,1.9,2.2,2025-02-07
"Jaxson Hayes","Los Angeles Lakers","Vet",17,97.5,5.3,0.9,2.7,1.4,0.8,0.5,0.7,3.2,1.3,0.2,2.3,1.9,2025-02-07
"Ben Sheppard","Indiana Pacers","Sophomore",16.5,99.2,5.2,1.1,1.5,0.5,0.2,0.6,0.4,4.2,0.5,2.8,0.8,1.7,2025-02-07
"Quinten Post","Golden State Warriors","Rookie",12.3,98.5,5.2,1.1,2.2,0.8,0.3,0.3,0.6,4.5,0.5,2.8,0.9,1.5,2025-02-07
"Simone Fontecchio","Detroit Pistons","Vet",13.7,100,5.2,0.8,1.6,0.5,0.1,0.3,0.5,4.2,0.8,2.4,0.7,1,2025-02-07
"Isaiah Stewart","Detroit Pistons","Vet",17,98.2,5.1,1.3,3.2,1.6,0.9,0.3,0.7,3.8,1,0.8,1.7,1.8,2025-02-07
"Kenrich Williams","Oklahoma City Thunder","Vet",13.9,98.3,5,1,2.1,0.9,0.1,0.6,0.4,4.2,0.4,2.1,1.1,1.4,2025-02-07
"Trey Lyles","Sacramento Kings","Vet",14.3,98.7,5,0.8,2.6,0.8,0.3,0.4,0.4,4,0.8,2.6,0.8,1,2025-02-07
"Alex Caruso","Oklahoma City Thunder","Vet",15.8,98,4.9,2,1.6,0.4,0.4,1,0.6,4.4,0.5,2.8,1,1.5,2025-02-07
"DaQuan Jeffries","Charlotte Hornets","Vet",16.7,93.9,4.9,1,1.9,0.7,0.3,0.6,0.4,4,0.4,2.6,0.7,1.7,2025-02-07
"Luke Kornet","Boston Celtics","Vet",15.4,95.4,4.8,1.4,2.4,1.9,0.8,0.4,0.5,3.1,1.2,0.2,2.4,1.4,2025-02-07
"Brandon Boston Jr.","New Orleans Pelicans","Vet",10.5,97.9,4.8,0.8,1.1,0.3,0.1,0.5,0.5,4.1,0.9,1.4,1,0.8,2025-02-07
"Dominick Barlow","Atlanta Hawks","Vet",11.9,100.2,4.8,0.7,2,0.9,0.6,0.3,0.3,3.9,1.1,1,1.5,1.2,2025-02-07
"Cameron Payne","New York Knicks","Vet",9.2,98.8,4.7,1.6,0.8,0.1,0.1,0.3,0.5,3.9,0.5,2.5,0.5,1,2025-02-07
"Vince Williams Jr.","Memphis Grizzlies","Vet",12,99.4,4.7,1.7,1.8,0.6,0.2,0.4,0.8,4,1.2,1.3,1.1,1.3,2025-02-07
"Seth Curry","Charlotte Hornets","Vet",12,95.6,4.7,0.7,0.9,0.2,0.1,0.3,0.3,3.9,0.4,2,0.2,0.8,2025-02-07
"Caleb Martin","Dallas Mavericks","Vet",14.6,96.8,4.7,1.1,1.5,0.6,0.2,0.5,0.6,3.8,0.9,1.5,0.9,1.1,2025-02-07
"Kyle Filipowski","Utah Jazz","Rookie",14.2,98,4.7,1.3,2.7,1,0.2,0.4,0.7,3.6,1,1.3,1,1.6,2025-02-07
"Marcus Sasser","Detroit Pistons","Sophomore",11.3,98.3,4.7,2.1,0.8,0.2,0.1,0.4,0.8,3.9,0.5,1.9,0.5,1,2025-02-07
"Dereck Lively II","Dallas Mavericks","Sophomore",11.9,97.7,4.6,1.2,2.3,1.5,0.8,0.3,0.6,3.1,1,0.2,1.9,1.5,2025-02-07
"Kevon Looney","Golden State Warriors","Vet",14.1,97.1,4.4,1.6,3.3,2,0.4,0.4,0.6,3.5,1,0.2,2,1.9,2025-02-07
"Kris Dunn","Los Angeles Clippers","Vet",17.4,97.7,4.4,2.4,1.9,0.5,0.3,1,0.8,4.1,0.3,2.1,0.6,2.1,2025-02-07
"Jonathan Isaac","Orlando Magic","Vet",11.7,96.4,4.3,0.5,2.2,1.1,0.9,0.6,0.4,3.6,1,1.5,1.3,1,2025-02-07
"Svi Mykhailiuk","Utah Jazz","Vet",8.5,100,4.3,0.8,0.9,0.2,0.1,0.3,0.5,3.7,0.4,2.5,0.5,0.6,2025-02-07
"OG Anunoby","New York Knicks","Vet",9.5,96.9,4.2,0.6,0.9,0.3,0.2,0.4,0.3,3.2,0.6,1.5,1.2,0.6,2025-02-07
"Isaiah Wong","Charlotte Hornets","Sophomore",10.3,95.1,4.2,1.2,0.8,0.5,0,0.4,0.6,3.8,1,1.4,0.8,0.9,2025-02-07
"Quentin Grimes","Philadelphia 76ers","Vet",9,98.5,4.1,0.9,1.1,0.2,0.1,0.3,0.5,3.3,0.7,1.8,0.7,0.7,2025-02-07
"Fred VanVleet","Houston Rockets","Vet",9.6,96.8,3.9,1.5,0.8,0.1,0.1,0.4,0.4,3.1,0.5,2.2,0.3,0.7,2025-02-07
"P.J. Washington","Dallas Mavericks","Vet",7.9,99.1,3.9,0.6,1.5,0.4,0.2,0.3,0.5,3.1,0.8,1.1,0.9,0.6,2025-02-07
"Drew Eubanks","Los Angeles Clippers","Vet",10.8,97.2,3.9,0.7,2.2,0.9,0.5,0.3,0.5,2.8,1,0.2,1.3,1,2025-02-07
"Mason Plumlee","Phoenix Suns","Vet",15.7,96.9,3.8,1.6,4,1.7,0.6,0.4,0.7,2.5,1.3,0.2,1.5,2.1,2025-02-07
"Jaylen Clark","Minnesota Timberwolves","Sophomore",10.1,96.9,3.8,0.6,0.8,0.5,0.1,0.3,0.3,2.8,0.7,1.6,1,1.1,2025-02-07
"Ryan Dunn","Phoenix Suns","Rookie",10.6,96.8,3.8,0.6,1.5,0.6,0.2,0.3,0.3,3.3,0.4,1.4,0.8,1.2,2025-02-07
"Rob Dillingham","Minnesota Timberwolves","Rookie",8.5,95.3,3.8,1.6,0.7,0.2,0,0.3,0.8,3.3,0.4,1.4,0.8,0.7,2025-02-07
"Ricky Council IV","Philadelphia 76ers","Sophomore",8,94.3,3.7,0.6,0.9,0.3,0.1,0.2,0.3,2.9,1,1.3,0.9,0.5,2025-02-07
"Pelle Larsson","Miami Heat","Rookie",11.6,97.3,3.7,0.8,1,0.4,0.1,0.4,0.3,2.8,0.7,1.4,0.9,1.3,2025-02-07
"Javonte Green","New Orleans Pelicans","Vet",13.9,99.3,3.6,0.7,1.7,0.7,0.3,0.7,0.3,2.6,0.7,1.4,0.9,1,2025-02-07
"Pat Spencer","Golden State Warriors","Sophomore",8.6,97.2,3.6,1.4,1,0.4,0.1,0.3,0.5,3.1,0.7,0.8,0.6,0.8,2025-02-07
"Andre Jackson Jr.","Milwaukee Bucks","Sophomore",13.6,99,3.5,1.2,1.6,1,0.2,0.5,0.7,2.8,0.4,1,1.1,1.6,2025-02-07
"Johnny Juzang","Utah Jazz","Vet",8.3,97.6,3.4,0.5,0.9,0.2,0.1,0.2,0.2,2.8,0.4,1.9,0.2,0.9,2025-02-07
"Giannis Antetokounmpo","Milwaukee Bucks","Vet",4,99.5,3.3,0.7,1.1,0.3,0.1,0.1,0.4,2.5,1,0.1,1,0.3,2025-02-07
"Isaiah Jackson","Indiana Pacers","Vet",7.4,99.3,3.2,0.5,1.3,0.9,0.5,0.3,0.4,2.2,0.9,0.3,1.4,1.2,2025-02-07
"Dalano Banton","Portland Trail Blazers","Vet",5.9,96.3,3.2,0.7,0.7,0.2,0.1,0.2,0.4,2.7,0.6,1.2,0.8,0.4,2025-02-07
"Marvin Bagley III","Memphis Grizzlies","Vet",6.7,98.1,3.2,0.3,1.2,0.8,0.2,0.2,0.3,2.4,0.7,0.4,1.2,0.6,2025-02-07
"Karlo Matkovic","New Orleans Pelicans","Rookie",11,99.2,3.2,0.7,2,1,0.5,0.4,0.6,2.4,0.5,0.8,0.9,1.5,2025-02-07
"Gary Payton II","Golden State Warriors","Vet",8.1,97.9,3.1,0.7,1.1,0.5,0.2,0.4,0.4,2.4,0.5,0.8,1,1,2025-02-07
"Jake LaRavia","Sacramento Kings","Vet",9,98.7,3.1,1,1.2,0.6,0.1,0.4,0.5,2.1,0.8,0.8,0.7,0.9,2025-02-07
"Donovan Clingan","Portland Trail Blazers","Rookie",10.2,98.1,3.1,0.6,2.3,1.4,0.8,0.2,0.6,2.3,0.7,0.4,1.6,1.7,2025-02-07
"Adem Bona","Philadelphia 76ers","Rookie",10,94.9,3.1,0.4,1.6,1,0.6,0.2,0.5,1.8,1,0.1,1.3,1.6,2025-02-07
"Kyle Lowry","Philadelphia 76ers","Vet",13.2,96.8,3.1,2.3,1.2,0.3,0.2,0.5,0.6,2.5,0.7,1.8,0.1,1.5,2025-02-07
"Jackson Rowe","Golden State Warriors","Rookie",8.9,99.8,3,0.7,1.2,0.3,0.1,0.3,0.3,2.5,0.5,1.6,0.4,0.9,2025-02-07
"Jarred Vanderbilt","Los Angeles Lakers","Vet",11,98.2,2.8,0.8,2.3,1.2,0.2,0.6,0.6,2,0.6,0.5,1.2,1.1,2025-02-07
"Olivier-Maxence Prosper","Dallas Mavericks","Sophomore",7.7,98.2,2.8,0.5,1.2,0.6,0.1,0.3,0.3,2.3,0.9,0.7,1,0.5,2025-02-07
"Shake Milton","Los Angeles Lakers","Vet",7.8,96.2,2.8,1,0.7,0.2,0.1,0.2,0.4,2.2,0.6,0.9,0.5,0.7,2025-02-07
"Trendon Watford","Brooklyn Nets","Vet",5.8,95.2,2.8,0.5,0.9,0.3,0.1,0.2,0.4,2.3,0.8,0.7,0.7,0.7,2025-02-07
"Dillon Jones","Oklahoma City Thunder","Rookie",9.6,97,2.8,1,1.3,0.6,0.1,0.3,0.5,2.5,0.6,1,0.8,1,2025-02-07
"Steven Adams","Houston Rockets","Vet",8.4,96.7,2.7,0.7,1.7,1.2,0.3,0.2,0.5,1.9,1.1,0.1,1.2,0.8,2025-02-07
"Peyton Watson","Denver Nuggets","Vet",8.4,98.9,2.7,0.6,0.9,0.3,0.4,0.3,0.3,2,0.6,0.6,0.9,0.6,2025-02-07
"Anthony Gill","Washington Wizards","Vet",7.8,97.3,2.7,0.4,0.9,0.6,0.1,0.2,0.2,1.9,0.7,0.6,0.7,0.7,2025-02-07
"Jalen Pickett","Denver Nuggets","Sophomore",8.3,96.9,2.6,1.3,0.7,0.2,0.1,0.2,0.3,2.3,0.2,1.1,0.3,0.6,2025-02-07
"Micah Potter","Utah Jazz","Vet",10.4,97.4,2.6,0.5,1.7,0.7,0.3,0.2,0.3,1.9,0.3,1.4,0.3,0.9,2025-02-07
"Tre Jones","Chicago Bulls","Vet",7.5,99.3,2.5,1.6,0.7,0.3,0,0.3,0.4,1.8,0.5,0.5,0.8,0.5,2025-02-07
"Donovan Mitchell","Cleveland Cavaliers","Vet",2.9,99.6,2.4,0.5,0.4,0.1,0,0.1,0.2,1.8,0.4,1,0.3,0.2,2025-02-07
"Kevin Durant","Phoenix Suns","Vet",3.4,97.2,2.4,0.4,0.5,0,0.1,0.1,0.3,1.7,0.5,0.6,0.2,0.1,2025-02-07
"Nicolas Batum","Los Angeles Clippers","Vet",13.2,96.8,2.4,1,1.6,0.5,0.3,0.5,0.3,2.1,0.2,1.8,0.1,1.1,2025-02-07
"Paul Reed","Detroit Pistons","Vet",5.3,98.1,2.3,0.5,1,0.6,0.3,0.3,0.3,1.8,0.4,0.4,0.8,0.8,2025-02-07
"Christian Wood","Los Angeles Lakers","Vet",5.1,99.1,2.3,0.3,1.1,0.3,0.2,0.1,0.3,1.8,0.5,0.7,0.4,0.4,2025-02-07
"Ryan Rollins","Milwaukee Bucks","Vet",5.5,98.3,2.3,0.5,0.5,0.2,0.1,0.3,0.3,1.8,0.4,0.8,0.5,0.6,2025-02-07
"Trayce Jackson-Davis","Golden State Warriors","Sophomore",5.9,98.5,2.3,0.6,1.1,0.7,0.2,0.2,0.3,1.7,0.6,0.1,1,0.6,2025-02-07
"Pat Connaughton","Milwaukee Bucks","Vet",8.5,96.2,2.3,0.9,1.1,0.3,0.1,0.2,0.3,1.9,0.3,1,0.6,0.6,2025-02-07
"Reece Beekman","Brooklyn Nets","Rookie",8.1,93.9,2.3,1.2,0.5,0.2,0.1,0.4,0.5,2,0.4,0.7,0.5,0.6,2025-02-07
"Mitchell Robinson","New York Knicks","Vet",8.1,98.6,2.2,0.3,1.3,1,0.4,0.3,0.3,1.8,0.7,0.6,1.1,0.8,2025-02-07
"Dalton Knecht","Charlotte Hornets","Rookie",4.8,96.9,2.2,0.2,0.6,0.1,0,0.1,0.1,1.7,0.3,1.1,0.3,0.3,2025-02-07
"Jeremiah Robinson-Earl","New Orleans Pelicans","Vet",7.3,97,2.1,0.5,1.2,0.7,0.1,0.2,0.2,1.8,0.3,0.8,0.6,0.6,2025-02-07
"Reed Sheppard","Houston Rockets","Rookie",5.6,99.9,2.1,0.6,0.5,0.1,0.1,0.3,0.3,2.1,0.2,1.3,0.2,0.5,2025-02-07
"Jett Howard","Orlando Magic","Sophomore",5.1,96.9,2.1,0.3,0.4,0.2,0.1,0.1,0.2,1.9,0.2,1.3,0.2,0.5,2025-02-07
"Zeke Nnaji","Denver Nuggets","Vet",6.5,96.1,2.1,0.3,0.8,0.4,0.3,0.2,0.2,1.8,0.3,0.6,0.7,0.8,2025-02-07
"Jose Alvarado","New Orleans Pelicans","Vet",4.9,98.1,2,0.8,0.4,0.1,0.1,0.3,0.2,1.6,0.2,1.2,0.2,0.4,2025-02-07
"Devin Carter","Sacramento Kings","Rookie",4.9,99,2,0.7,0.6,0.1,0.1,0.2,0.3,1.8,0.5,0.9,0.4,0.4,2025-02-07
"Cody Williams","Utah Jazz","Rookie",8.6,98.8,2,0.6,0.7,0.2,0.1,0.2,0.3,1.9,0.4,0.9,0.3,0.8,2025-02-07
"Neemias Queta","Boston Celtics","Vet",5.1,93.5,1.9,0.3,0.8,0.6,0.2,0.1,0.2,1.3,0.4,0.1,0.8,0.7,2025-02-07
"Kris Murray","Portland Trail Blazers","Sophomore",6.2,98.5,1.9,0.4,0.6,0.5,0.1,0.2,0.2,1.6,0.3,0.6,0.7,0.5,2025-02-07
"Kessler Edwards","Dallas Mavericks","Vet",8.1,97.9,1.9,0.5,1.2,0.3,0.2,0.3,0.2,1.5,0.2,0.8,0.4,0.8,2025-02-07
"David Roddy","Atlanta Hawks","Vet",4.9,100.7,1.9,0.4,0.8,0.2,0.1,0.1,0.3,1.5,0.3,0.6,0.4,0.3,2025-02-07
"Adam Flagler","Oklahoma City Thunder","Sophomore",4.4,97.3,1.9,0.3,0.3,0.1,0,0.2,0.1,2.1,0.2,1.2,0.1,0.4,2025-02-07
"Jock Landale","Houston Rockets","Vet",5,97.8,1.8,0.4,0.7,0.6,0.2,0.1,0.3,1.4,0.5,0.3,0.6,0.5,2025-02-07
"Julian Phillips","Chicago Bulls","Sophomore",5.4,99,1.8,0.2,0.5,0.4,0.1,0.2,0.2,1.3,0.4,0.5,0.5,0.6,2025-02-07
"Monte Morris","Phoenix Suns","Vet",4.4,96.4,1.7,0.6,0.4,0.1,0,0.1,0.2,1.6,0.3,0.6,0.2,0.2,2025-02-07
"Jae'Sean Tate","Houston Rockets","Vet",5.1,97.2,1.6,0.4,0.6,0.4,0.1,0.2,0.2,1.3,0.4,0.3,0.5,0.7,2025-02-07
"DeAndre Jordan","Denver Nuggets","Vet",5.4,96,1.6,0.4,1.4,0.7,0.2,0.1,0.3,1.1,0.4,0.1,0.8,0.7,2025-02-07
"Emoni Bates","Cleveland Cavaliers","Sophomore",4,96.1,1.5,0.3,0.5,0.1,0.1,0.1,0.2,1.5,0.3,0.9,0.3,0.2,2025-02-07
"Jamal Murray","Denver Nuggets","Vet",2.4,100,1.4,0.4,0.2,0.1,0,0.1,0.1,1.1,0.2,0.3,0.2,0.1,2025-02-07
"Alex Ducas","Oklahoma City Thunder","Rookie",3.7,97.7,1.4,0.2,0.5,0.2,0,0.1,0.1,1.1,0.2,0.8,0.2,0.4,2025-02-07
"Jevon Carter","Chicago Bulls","Vet",3.1,97.8,1.3,0.3,0.3,0,0,0.1,0.1,1.2,0.1,0.8,0.1,0.2,2025-02-07
"Jarace Walker","Indiana Pacers","Sophomore",3.2,98.9,1.3,0.3,0.5,0.1,0.1,0.1,0.2,1,0.2,0.5,0.2,0.3,2025-02-07
"Oso Ighodaro","Phoenix Suns","Rookie",4.7,97.1,1.3,0.3,0.8,0.4,0.1,0.1,0.2,0.9,0.3,0.1,0.4,0.5,2025-02-07
"Gary Harris","Orlando Magic","Vet",5.1,96,1.2,0.2,0.3,0.1,0.1,0.2,0.1,1,0.1,0.8,0.1,0.4,2025-02-07
"Luka Garza","Minnesota Timberwolves","Vet",1.9,97.9,1.2,0.1,0.3,0.2,0,0,0.1,1,0.3,0.3,0.3,0.3,2025-02-07
"Trevelin Queen","Orlando Magic","Vet",3.5,95.8,1.2,0.3,0.3,0.2,0.1,0.2,0.2,1.1,0.2,0.6,0.3,0.4,2025-02-07
"Maxi Kleber","Los Angeles Lakers","Vet",5.5,97.4,1.2,0.4,0.6,0.2,0.2,0.1,0.2,1,0.2,0.6,0.2,0.6,2025-02-07
"Jalen Bridges","Phoenix Suns","Rookie",3.2,96.9,1.1,0.2,0.4,0.2,0.1,0.1,0.1,0.9,0.2,0.4,0.2,0.3,2025-02-07
"Hunter Tyson","Denver Nuggets","Sophomore",3.2,98.5,1.1,0.2,0.5,0.1,0.1,0.1,0.1,0.9,0.2,0.6,0.1,0.3,2025-02-07
"Bol Bol","Phoenix Suns","Vet",2.3,99.1,1,0.1,0.5,0.1,0.1,0.1,0.1,0.9,0.2,0.4,0.1,0.2,2025-02-07
"Immanuel Quickley","Toronto Raptors","Vet",1.7,97.1,1,0.4,0.2,0,0,0,0.1,0.8,0.2,0.4,0.1,0.1,2025-02-07
"Collin Gillespie","Phoenix Suns","Vet",2.4,100.2,1,0.3,0.3,0.1,0,0.1,0.1,0.7,0.2,0.3,0.2,0.3,2025-02-07
"Josh Richardson","Utah Jazz","Vet",3,97.5,1,0.3,0.3,0.1,0,0.1,0.1,0.9,0.1,0.5,0.1,0.3,2025-02-07
"Jay Huff","Memphis Grizzlies","Vet",1.6,103.1,0.9,0.1,0.2,0.1,0.1,0,0.1,0.7,0.1,0.4,0.1,0.2,2025-02-07
"Talen Horton-Tucker","Chicago Bulls","Vet",1.9,100.6,0.9,0.2,0.2,0.1,0,0.1,0.1,0.8,0.2,0.3,0.3,0.2,2025-02-07
"Russell Westbrook","Denver Nuggets","Vet",1.9,101.6,0.9,0.4,0.3,0.1,0,0.1,0.2,0.7,0.2,0.2,0.3,0.2,2025-02-07
"Drew Peterson","Boston Celtics","Sophomore",2.6,95.1,0.9,0.2,0.4,0.1,0,0.1,0.1,0.7,0.2,0.4,0.1,0.3,2025-02-07
"Zach Collins","Chicago Bulls","Vet",2.1,99.1,0.9,0.2,0.3,0.2,0.1,0.1,0.1,0.7,0.2,0.2,0.3,0.4,2025-02-07
"Jordan Walsh","Boston Celtics","Sophomore",2.7,94.4,0.8,0.1,0.3,0.1,0.1,0.1,0.1,0.6,0.1,0.4,0.2,0.2,2025-02-07
"Cody Zeller","Houston Rockets","Vet",2.7,97.3,0.8,0.2,0.5,0.3,0.1,0.1,0.1,0.7,0.2,0.2,0.3,0.4,2025-02-07
"Oscar Tshiebwe","Utah Jazz","Sophomore",2,99.6,0.8,0.1,0.4,0.2,0,0.1,0.1,0.6,0.2,0.1,0.2,0.3,2025-02-07
"Caleb Houstan","Orlando Magic","Vet",3.1,94.6,0.8,0.1,0.2,0.1,0,0.1,0.1,0.7,0.1,0.6,0,0.3,2025-02-07
"Tristan Thompson","Cleveland Cavaliers","Vet",3.3,95.3,0.8,0.3,0.7,0.4,0.1,0.1,0.1,0.7,0.3,0.1,0.4,0.3,2025-02-07
"Gui Santos","Golden State Warriors","Sophomore",2,97.8,0.7,0.2,0.3,0.1,0,0.1,0.1,0.5,0.1,0.3,0.1,0.2,2025-02-07
"Mason Jones","Sacramento Kings","Vet",1.4,97.9,0.7,0.2,0.2,0,0,0,0.1,0.6,0.2,0.3,0.1,0.1,2025-02-07
"Damion Lee","Phoenix Suns","Vet",1.6,99,0.7,0.1,0.2,0,0,0,0.1,0.7,0.1,0.3,0.1,0.1,2025-02-07
"Christian Koloko","Los Angeles Lakers","Vet",2.5,97.6,0.7,0.1,0.4,0.3,0.1,0.1,0.1,0.5,0.1,0,0.3,0.4,2025-02-07
"Antonio Reeves","New Orleans Pelicans","Rookie",1.7,97.4,0.7,0.1,0.1,0,0,0.1,0.1,0.6,0.1,0.3,0.1,0.1,2025-02-07
"Tyler Smith","Milwaukee Bucks","Rookie",1.7,97.8,0.7,0.1,0.3,0.1,0.1,0,0.1,0.7,0.1,0.4,0.2,0.2,2025-02-07
"Garrett Temple","Toronto Raptors","Vet",3,97.4,0.7,0.3,0.3,0.1,0.1,0.1,0.1,0.7,0.1,0.4,0.2,0.3,2025-02-07
"Vlatko Cancar","Denver Nuggets","Vet",2.1,98.3,0.7,0.1,0.3,0.1,0,0.1,0.1,0.5,0.1,0.2,0.2,0.2,2025-02-07
"Matisse Thybulle","Portland Trail Blazers","Vet",2.7,97.2,0.6,0.2,0.2,0.1,0.1,0.2,0.1,0.6,0.1,0.4,0.1,0.2,2025-02-07
"Aaron Holiday","Houston Rockets","Vet",1.6,97.9,0.6,0.2,0.1,0,0,0.1,0.1,0.5,0.1,0.3,0,0.2,2025-02-07
"Jalen Hood-Schifino","Utah Jazz","Sophomore",1.7,97.4,0.6,0.1,0.2,0.1,0,0.1,0.1,0.5,0.1,0.2,0.1,0.2,2025-02-07
"Ron Harper Jr.","Detroit Pistons","Vet",1.2,97.3,0.5,0.1,0.1,0.1,0,0,0.1,0.4,0.1,0.2,0.1,0.1,2025-02-07
"Kai Jones","Los Angeles Clippers","Vet",1.5,96,0.5,0.1,0.2,0.1,0.1,0,0.1,0.4,0.1,0,0.2,0.2,2025-02-07
"Ariel Hukporti","New York Knicks","Rookie",1.5,96.9,0.5,0.1,0.3,0.1,0.1,0,0.1,0.3,0.1,0,0.2,0.2,2025-02-07
"Trentyn Flowers","Los Angeles Clippers","Rookie",1.3,98.5,0.5,0.1,0.2,0.1,0,0,0.1,0.5,0.1,0.1,0.2,0.2,2025-02-07
"Desmond Bane","Memphis Grizzlies","Vet",0.7,102.5,0.4,0.1,0.1,0,0,0,0.1,0.3,0.1,0.1,0.1,0.1,2025-02-07
"Jeenathan Williams","Houston Rockets","Vet",1,98.7,0.4,0.1,0.1,0.1,0,0,0.1,0.4,0.1,0.1,0.1,0.1,2025-02-07
"Jamal Cain","New Orleans Pelicans","Vet",1.3,96.1,0.4,0.1,0.2,0.1,0,0,0,0.3,0.1,0.2,0.1,0.1,2025-02-07
"Blake Wesley","San Antonio Spurs","Vet",1.1,98.7,0.4,0.2,0.1,0,0,0,0.1,0.3,0.1,0.1,0.2,0.1,2025-02-07
"E.J. Liddell","Chicago Bulls","Vet",1,100.2,0.4,0.1,0.1,0,0,0,0.1,0.3,0.1,0.2,0.1,0.1,2025-02-07
"Justin Minaya","Portland Trail Blazers","Vet",1.5,96.6,0.4,0.1,0.1,0.1,0,0,0.1,0.3,0.1,0.2,0.1,0.2,2025-02-07
"Landry Shamet","New York Knicks","Vet",1.4,96.9,0.4,0.1,0.1,0,0,0,0,0.4,0,0.3,0.1,0.1,2025-02-07
"Cam Christie","Los Angeles Clippers","Rookie",1.2,98.4,0.4,0.1,0.1,0,0,0,0.1,0.4,0.1,0.2,0.1,0.1,2025-02-07
"DaRon Holmes II","Denver Nuggets",NA,1.2,97.7,0.4,0.1,0.2,0.1,0,0,0.1,0.4,0.1,0.1,0.1,0.2,2025-02-07
"Adama Sanogo","Chicago Bulls","Sophomore",0.9,98.1,0.4,0,0.1,0.1,0,0,0,0.3,0.1,0,0.1,0.1,2025-02-07
"Tristen Newton","Minnesota Timberwolves","Rookie",1,97.5,0.4,0.1,0.1,0,0,0,0.1,0.3,0.1,0.2,0.1,0.1,2025-02-07
"N'Faly Dante","Houston Rockets",NA,1.2,97.2,0.4,0.1,0.2,0.1,0,0,0.1,0.4,0.1,0.1,0.1,0.2,2025-02-07
"Dwight Powell","Dallas Mavericks","Vet",1.4,98,0.3,0.1,0.2,0.1,0,0,0.1,0.2,0.1,0,0.1,0.2,2025-02-07
"John Konchar","Memphis Grizzlies","Vet",1.7,100.7,0.3,0.1,0.3,0.1,0.1,0.1,0.1,0.3,0,0.2,0.1,0.1,2025-02-07
"Xavier Tillman","Boston Celtics","Vet",1,95.6,0.3,0.1,0.2,0.1,0,0.1,0,0.2,0,0.1,0.1,0.1,2025-02-07
"JD Davison","Boston Celtics","Vet",0.7,97.7,0.3,0.1,0.1,0,0,0,0,0.2,0.1,0.1,0.1,0.1,2025-02-07
"Mac McClung","Orlando Magic","Vet",0.8,97.5,0.3,0.1,0.1,0,0,0,0,0.3,0.1,0.1,0.1,0.1,2025-02-07
"Bryce McGowens","Portland Trail Blazers","Vet",0.6,100.5,0.3,0,0.1,0,0,0,0,0.2,0.1,0.1,0.1,0,2025-02-07
"Taze Moore","Portland Trail Blazers","Sophomore",0.7,98.3,0.3,0.1,0.1,0,0,0,0,0.3,0.1,0.1,0.1,0.1,2025-02-07
"Elijah Harkless","Utah Jazz","Rookie",1,97,0.3,0.1,0.1,0,0,0,0,0.3,0,0.2,0,0.1,2025-02-07
"Isaac Jones","Sacramento Kings","Rookie",0.9,98.9,0.3,0,0.1,0.1,0,0,0,0.2,0.1,0,0.1,0.1,2025-02-07
"Malaki Branham","San Antonio Spurs","Vet",0.7,99.2,0.3,0.1,0.1,0,0,0,0,0.3,0,0.1,0.1,0,2025-02-07
"Kevin Huerter","Chicago Bulls","Vet",0.4,99.4,0.2,0,0,0,0,0,0,0.1,0,0.1,0,0,2025-02-07
"Kevin McCullar Jr.","New York Knicks",NA,0.6,97.9,0.2,0,0.1,0,0,0,0,0.2,0,0.1,0.1,0.1,2025-02-07
"Emanuel Miller","Chicago Bulls",NA,0.6,97.7,0.2,0,0.1,0,0,0,0,0.2,0.1,0.1,0.1,0.1,2025-02-07
"Jordan Miller","Los Angeles Clippers","Sophomore",0.6,96.7,0.2,0,0.1,0,0,0,0,0.2,0.1,0.1,0.1,0,2025-02-07
"Johnny Davis","Memphis Grizzlies","Vet",0.4,97.7,0.1,0,0,0,0,0,0,0.1,0,0,0,0,2025-02-07
"Josh Christopher","Miami Heat","Vet",0.2,98.1,0.1,0,0,0,0,0,0,0.1,0,0,0,0,2025-02-07
"RayJ Dennis","Indiana Pacers","Rookie",0.2,96.3,0.1,0,0,0,0,0,0,0.1,0,0,0,0,2025-02-07
"Cam Spencer","Memphis Grizzlies","Rookie",0.4,98.9,0.1,0,0,0,0,0,0,0.1,0,0.1,0,0,2025-02-07
"Quenton Jackson","Indiana Pacers","Vet",0.2,98.8,0.1,0,0,0,0,0,0,0.1,0,0,0,0,2025-02-07
"MarJon Beauchamp","Milwaukee Bucks","Vet",0.2,97.8,0.1,0,0,0,0,0,0,0.1,0,0,0,0,2025-02-07
"Trey Alexander","Denver Nuggets","Rookie",0.2,97.3,0.1,0,0,0,0,0,0,0.1,0,0,0,0,2025-02-07
"Joe Ingles","Minnesota Timberwolves","Vet",0.5,101.1,0.1,0.1,0.1,0,0,0,0,0.1,0,0.1,0,0,2025-02-07
"Tolu Smith","Detroit Pistons",NA,0.2,97.4,0.1,0,0,0,0,0,0,0.1,0,0,0,0,2025-02-07
"Taj Gibson","Charlotte Hornets","Vet",0.5,96.7,0.1,0,0.1,0.1,0,0,0,0.1,0,0,0,0.1,2025-02-07
"Joel Embiid","Philadelphia 76ers","Vet",0,97.6,0,0,0,0,0,0,0,0,0,0,0,0,2025-02-07
"Jusuf Nurkic","Charlotte Hornets","Vet",0,97.2,0,0,0,0,0,0,0,0,0,0,0,0,2025-02-07
"Jakob Poeltl","Toronto Raptors","Vet",0,98.6,0,0,0,0,0,0,0,0,0,0,0,0,2025-02-07
"Lonzo Ball","Chicago Bulls","Vet",0,103.4,0,0,0,0,0,0,0,0,0,0,0,0,2025-02-07
"Josh Okogie","Charlotte Hornets","Vet",0,96.7,0,0,0,0,0,0,0,0,0,0,0,0,2025-02-07
"Jalen Johnson","Atlanta Hawks","Vet",0,103.7,0,0,0,0,0,0,0,0,0,0,0,0,2025-02-07
"Jalen Suggs","Orlando Magic","Vet",0,96.9,0,0,0,0,0,0,0,0,0,0,0,0,2025-02-07
"Robert Williams III","Portland Trail Blazers","Vet",0,96,0,0,0,0,0,0,0,0,0,0,0,0,2025-02-07
"Lauri Markkanen","Utah Jazz","Vet",0,99,0,0,0,0,0,0,0,0,0,0,0,0,2025-02-07
"Sandro Mamukelashvili","San Antonio Spurs","Vet",0,99.3,0,0,0,0,0,0,0,0,0,0,0,0,2025-02-07
"Marcus Smart","Washington Wizards","Vet",0,98.9,0,0,0,0,0,0,0,0,0,0,0,0,2025-02-07
"Dean Wade","Cleveland Cavaliers","Vet",0,100.3,0,0,0,0,0,0,0,0,0,0,0,0,2025-02-07
"Josh Minott","Minnesota Timberwolves","Vet",0,98.5,0,0,0,0,0,0,0,0,0,0,0,0,2025-02-07
"Brandon Ingram","Toronto Raptors","Vet",0,97.2,0,0,0,0,0,0,0,0,0,0,0,0,2025-02-07
"Collin Sexton","Utah Jazz","Vet",0,98.3,0,0,0,0,0,0,0,0,0,0,0,0,2025-02-07
"Clint Capela","Atlanta Hawks","Vet",0,103.1,0,0,0,0,0,0,0,0,0,0,0,0,2025-02-07
"Jrue Holiday","Boston Celtics","Vet",0,98.6,0,0,0,0,0,0,0,0,0,0,0,0,2025-02-07
"De'Anthony Melton","Brooklyn Nets","Vet",0,97.8,0,0,0,0,0,0,0,0,0,0,0,0,2025-02-07
"Isaac Okoro","Cleveland Cavaliers","Vet",0,97.4,0,0,0,0,0,0,0,0,0,0,0,0,2025-02-07
"Caris LeVert","Atlanta Hawks","Vet",0,98.2,0,0,0,0,0,0,0,0,0,0,0,0,2025-02-07
"Delon Wright","New York Knicks","Vet",0,96.8,0,0,0,0,0,0,0,0,0,0,0,0,2025-02-07
"Nah'Shon Hyland","Atlanta Hawks","Vet",0,97.2,0,0,0,0,0,0,0,0,0,0,0,0,2025-02-07
"De'Andre Hunter","Cleveland Cavaliers","Vet",0,101.2,0,0,0,0,0,0,0,0,0,0,0,0,2025-02-07
"Cam Thomas","Brooklyn Nets","Vet",0,96.1,0,0,0,0,0,0,0,0,0,0,0,0,2025-02-07
"Jaden Springer","Houston Rockets","Vet",0,97.2,0,0,0,0,0,0,0,0,0,0,0,0,2025-02-07
"Andre Drummond","Philadelphia 76ers","Vet",0,97.2,0,0,0,0,0,0,0,0,0,0,0,0,2025-02-07
"Grant Williams","Charlotte Hornets","Vet",0,97.5,0,0,0,0,0,0,0,0,0,0,0,0,2025-02-07
"Alec Burks","Miami Heat","Vet",0,96.4,0,0,0,0,0,0,0,0,0,0,0,0,2025-02-07
"Jordan McLaughlin","San Antonio Spurs","Vet",0.1,98.4,0,0,0,0,0,0,0,0,0,0,0,0,2025-02-07
"Saddiq Bey","Washington Wizards","Vet",0,98.4,0,0,0,0,0,0,0,0,0,0,0,0,2025-02-07
"Yuki Kawamura","Memphis Grizzlies","Rookie",0,97.9,0,0,0,0,0,0,0,0,0,0,0,0,2025-02-07
"Andrew Wiggins","Miami Heat","Vet",0,98.5,0,0,0,0,0,0,0,0,0,0,0,0,2025-02-07
"Cason Wallace","Oklahoma City Thunder","Sophomore",0,99.9,0,0,0,0,0,0,0,0,0,0,0,0,2025-02-07
"Kenyon Martin Jr.","Utah Jazz","Vet",0,97.5,0,0,0,0,0,0,0,0,0,0,0,0,2025-02-07
"Cody Martin","Phoenix Suns","Vet",0,97.5,0,0,0,0,0,0,0,0,0,0,0,0,2025-02-07
"Charles Bassey","San Antonio Spurs","Vet",0,98.5,0,0,0,0,0,0,0,0,0,0,0,0,2025-02-07
"Georges Niang","Atlanta Hawks","Vet",0,97.8,0,0,0,0,0,0,0,0,0,0,0,0,2025-02-07
"Jared Butler","Philadelphia 76ers","Vet",0,98.4,0,0,0,0,0,0,0,0,0,0,0,0,2025-02-07
"Patrick Baldwin Jr.","San Antonio Spurs","Vet",0,98.7,0,0,0,0,0,0,0,0,0,0,0,0,2025-02-07
"Jaden Ivey","Detroit Pistons","Vet",0,97.4,0,0,0,0,0,0,0,0,0,0,0,0,2025-02-07
"Dru Smith","Miami Heat","Vet",0,97.9,0,0,0,0,0,0,0,0,0,0,0,0,2025-02-07
"Sam Merrill","Cleveland Cavaliers","Vet",0,96.7,0,0,0,0,0,0,0,0,0,0,0,0,2025-02-07
"Ousmane Dieng","Oklahoma City Thunder","Vet",0,98.8,0,0,0,0,0,0,0,0,0,0,0,0,2025-02-07
"Dalen Terry","Chicago Bulls","Vet",0.1,100.8,0,0,0,0,0,0,0,0,0,0,0,0,2025-02-07
"Kevin Love","Miami Heat","Vet",0,99,0,0,0,0,0,0,0,0,0,0,0,0,2025-02-07
"Alex Len","Washington Wizards","Vet",0,96.9,0,0,0,0,0,0,0,0,0,0,0,0,2025-02-07
"Dariq Whitehead","Brooklyn Nets","Sophomore",0,98.4,0,0,0,0,0,0,0,0,0,0,0,0,2025-02-07
"RJ Barrett","Toronto Raptors","Vet",0,100.2,0,0,0,0,0,0,0,0,0,0,0,0,2025-02-07
"Cam Reddish","Charlotte Hornets","Vet",0,98.1,0,0,0,0,0,0,0,0,0,0,0,0,2025-02-07
"Jack McVeigh","Houston Rockets","Rookie",0,98.3,0,0,0,0,0,0,0,0,0,0,0,0,2025-02-07
"Kobe Brown","Los Angeles Clippers","Sophomore",0,95.5,0,0,0,0,0,0,0,0,0,0,0,0,2025-02-07
"Kevin Porter Jr.","Los Angeles Clippers","Vet",0,97.4,0,0,0,0,0,0,0,0,0,0,0,0,2025-02-07
"AJ Lawson","Toronto Raptors","Vet",0,97.1,0,0,0,0,0,0,0,0,0,0,0,0,2025-02-07
"Patty Mills","Los Angeles Clippers","Vet",0,98,0,0,0,0,0,0,0,0,0,0,0,0,2025-02-07
"Lindy Waters III","Detroit Pistons","Vet",0,97.1,0,0,0,0,0,0,0,0,0,0,0,0,2025-02-07
"Nikola Topić","Oklahoma City Thunder",NA,0,98,0,0,0,0,0,0,0,0,0,0,0,0,2025-02-07
"Leonard Miller","Minnesota Timberwolves","Sophomore",0,97.5,0,0,0,0,0,0,0,0,0,0,0,0,2025-02-07
"Duop Reath","Portland Trail Blazers","Sophomore",0,97,0,0,0,0,0,0,0,0,0,0,0,0,2025-02-07
"Terance Mann","Atlanta Hawks","Vet",0,97.1,0,0,0,0,0,0,0,0,0,0,0,0,2025-02-07
"Kyle Anderson","Miami Heat","Vet",0,97.2,0,0,0,0,0,0,0,0,0,0,0,0,2025-02-07
"Chris Livingston","Milwaukee Bucks","Sophomore",0,98.2,0,0,0,0,0,0,0,0,0,0,0,0,2025-02-07
"Tre Mann","Charlotte Hornets","Vet",0,96.3,0,0,0,0,0,0,0,0,0,0,0,0,2025-02-07
"Noah Clowney","Brooklyn Nets","Sophomore",0,96.5,0,0,0,0,0,0,0,0,0,0,0,0,2025-02-07
"Daeqwon Plowden","Atlanta Hawks","Rookie",0,98.6,0,0,0,0,0,0,0,0,0,0,0,0,2025-02-07
"Brandon Miller","Charlotte Hornets","Sophomore",0,97.6,0,0,0,0,0,0,0,0,0,0,0,0,2025-02-07
"Jeff Dowtin","Philadelphia 76ers","Vet",0,94.4,0,0,0,0,0,0,0,0,0,0,0,0,2025-02-07
"Taylor Hendricks","Utah Jazz","Sophomore",0,98.7,0,0,0,0,0,0,0,0,0,0,0,0,2025-02-07
"David Duke Jr.","San Antonio Spurs","Vet",0,98.3,0,0,0,0,0,0,0,0,0,0,0,0,2025-02-07
"Jabari Walker","Portland Trail Blazers","Vet",0,97.9,0,0,0,0,0,0,0,0,0,0,0,0,2025-02-07
"Jae Crowder","Sacramento Kings","Vet",0.1,97.3,0,0,0,0,0,0,0,0,0,0,0,0,2025-02-07
"Jaden Hardy","Dallas Mavericks","Vet",0,98.3,0,0,0,0,0,0,0,0,0,0,0,0,2025-02-07
"Maxwell Lewis","Brooklyn Nets","Sophomore",0,97.3,0,0,0,0,0,0,0,0,0,0,0,0,2025-02-07
"Branden Carlson","Oklahoma City Thunder","Rookie",0,99.5,0,0,0,0,0,0,0,0,0,0,0,0,2025-02-07
"Harrison Ingram","San Antonio Spurs","Rookie",0,98.5,0,0,0,0,0,0,0,0,0,0,0,0,2025-02-07
"Malcolm Brogdon","Washington Wizards","Vet",0,99.4,0,0,0,0,0,0,0,0,0,0,0,0,2025-02-07
"Johnny Furphy","Indiana Pacers","Rookie",0,97.5,0,0,0,0,0,0,0,0,0,0,0,0,2025-02-07
"Doug McDermott","Sacramento Kings","Vet",0,97.3,0,0,0,0,0,0,0,0,0,0,0,0,2025-02-07
"PJ Hall","Denver Nuggets","Rookie",0,96.3,0,0,0,0,0,0,0,0,0,0,0,0,2025-02-07
"Jared McCain","Philadelphia 76ers","Rookie",0,96.6,0,0,0,0,0,0,0,0,0,0,0,0,2025-02-07
"Jericho Sims","Milwaukee Bucks","Vet",0,96.9,0,0,0,0,0,0,0,0,0,0,0,0,2025-02-07
"Anton Watson","Boston Celtics",NA,0.1,97.6,0,0,0,0,0,0,0,0,0,0,0,0,2025-02-07
"Luke Travers","Cleveland Cavaliers","Rookie",0,97.1,0,0,0,0,0,0,0,0,0,0,0,0,2025-02-07
"Dennis Schroder","Detroit Pistons","Vet",0,96.9,0,0,0,0,0,0,0,0,0,0,0,0,2025-02-07
"Colby Jones","Washington Wizards","Sophomore",0,97.4,0,0,0,0,0,0,0,0,0,0,0,0,2025-02-07
"Davion Mitchell","Miami Heat","Vet",0,97.5,0,0,0,0,0,0,0,0,0,0,0,0,2025-02-07
"JT Thor","Cleveland Cavaliers","Vet",0,97.4,0,0,0,0,0,0,0,0,0,0,0,0,2025-02-07
"Tyler Kolek","New York Knicks","Rookie",0,96.7,0,0,0,0,0,0,0,0,0,0,0,0,2025-02-07
"Isaiah Stevens","Miami Heat",NA,0,97.7,0,0,0,0,0,0,0,0,0,0,0,0,2025-02-07
"Keshad Johnson","Miami Heat","Rookie",0,97.5,0,0,0,0,0,0,0,0,0,0,0,0,2025-02-07
"Terrence Shannon Jr.","Minnesota Timberwolves","Rookie",0,99.9,0,0,0,0,0,0,0,0,0,0,0,0,2025-02-07
"Daniss Jenkins","Detroit Pistons","Rookie",0,97.1,0,0,0,0,0,0,0,0,0,0,0,0,2025-02-07
"Spencer Jones","Denver Nuggets","Rookie",0.1,96.4,0,0,0,0,0,0,0,0,0,0,0,0,2025-02-07
"Riley Minix","San Antonio Spurs","Rookie",0,97.7,0,0,0,0,0,0,0,0,0,0,0,0,2025-02-07
"Kobe Bufkin","Atlanta Hawks","Sophomore",0,99.1,0,0,0,0,0,0,0,0,0,0,0,0,2025-02-07
"Ajay Mitchell","Oklahoma City Thunder","Rookie",0,97.2,0,0,0,0,0,0,0,0,0,0,0,0,2025-02-07
"Jordan Clarkson","Utah Jazz","Vet",0,99,0,0,0,0,0,0,0,0,0,0,0,0,2025-02-07
"P.J. Tucker","Toronto Raptors","Vet",0,97,0,0,0,0,0,0,0,0,0,0,0,0,2025-02-07
"Dario Saric","Denver Nuggets","Vet",0,96.6,0,0,0,0,0,0,0,0,0,0,0,0,2025-02-07
"Zyon Pullin","Memphis Grizzlies","Rookie",0,97.7,0,0,0,0,0,0,0,0,0,0,0,0,2025-02-07
"Baylor Scheierman","Boston Celtics","Rookie",0,96.6,0,0,0,0,0,0,0,0,0,0,0,0,2025-02-07
"Pacôme Dadiet","New York Knicks","Rookie",0,98.9,0,0,0,0,0,0,0,0,0,0,0,0,2025-02-07
"TyTy Washington Jr.","Phoenix Suns","Vet",0,97.4,0,0,0,0,0,0,0,0,0,0,0,0,2025-02-07
"Isaiah Crawford","Sacramento Kings","Rookie",0,97.9,0,0,0,0,0,0,0,0,0,0,0,0,2025-02-07
"Ulrich Chomche","Toronto Raptors","Rookie",0,96.7,0,0,0,0,0,0,0,0,0,0,0,0,2025-02-07
"Keion Brooks Jr.","New Orleans Pelicans","Rookie",0,97.9,0,0,0,0,0,0,0,0,0,0,0,0,2025-02-07
"Bobi Klintman","Detroit Pistons","Rookie",0,96.3,0,0,0,0,0,0,0,0,0,0,0,0,2025-02-07
"AJ Johnson","Washington Wizards","Rookie",0,98.4,0,0,0,0,0,0,0,0,0,0,0,0,2025-02-07
"Cory Joseph","Orlando Magic","Vet",0,96.1,0,0,0,0,0,0,0,0,0,0,0,0,2025-02-07
"Matt Ryan","New York Knicks","Vet",0,95.8,0,0,0,0,0,0,0,0,0,0,0,0,2025-02-07
"Jesse Edwards","Minnesota Timberwolves",NA,0.1,97.5,0,0,0,0,0,0,0,0,0,0,0,0,2025-02-07
"Armel Traoré","Los Angeles Lakers","Rookie",0,97.4,0,0,0,0,0,0,0,0,0,0,0,0,2025-02-07
"Rayan Rupert","Portland Trail Blazers","Sophomore",0,98.8,0,0,0,0,0,0,0,0,0,0,0,0,2025-02-07
"Bojan Bogdanovic","Brooklyn Nets","Vet",0,96.7,0,0,0,0,0,0,0,0,0,0,0,0,2025-02-07
"Mouhamed Gueye","Atlanta Hawks","Sophomore",0,98.4,0,0,0,0,0,0,0,0,0,0,0,0,2025-02-07
"Stanley Umude","Milwaukee Bucks","Vet",0,98,0,0,0,0,0,0,0,0,0,0,0,0,2025-02-07
"Brandon Williams","Dallas Mavericks","Vet",0,99.9,0,0,0,0,0,0,0,0,0,0,0,0,2025-02-07
"Bronny James","Los Angeles Lakers","Rookie",0,96.9,0,0,0,0,0,0,0,0,0,0,0,0,2025-02-07
"Jacob Toppin","New York Knicks","Sophomore",0,95.8,0,0,0,0,0,0,0,0,0,0,0,0,2025-02-07
"Enrique Freeman","Indiana Pacers","Rookie",0,99.6,0,0,0,0,0,0,0,0,0,0,0,0,2025-02-07
"Liam Robbins","Milwaukee Bucks","Rookie",0,97.7,0,0,0,0,0,0,0,0,0,0,0,0,2025-02-07
"Kylor Kelley","Dallas Mavericks","Rookie",0,98.5,0,0,0,0,0,0,0,0,0,0,0,0,2025-02-07
"Trey Jemison","Los Angeles Lakers","Sophomore",0,96.3,0,0,0,0,0,0,0,0,0,0,0,0,2025-02-07
"James Johnson","Indiana Pacers","Vet",0,94.9,0,0,0,0,0,0,0,0,0,0,0,0,2025-02-07
"Vasilije Micic","Phoenix Suns","Sophomore",0,97,0,0,0,0,0,0,0,0,0,0,0,0,2025-02-07
"Kyle Kuzma","Milwaukee Bucks","Vet",0,99.8,0,0,0,0,0,0,0,0,0,0,0,0,2025-02-07
"Alexandre Sarr","Washington Wizards","Rookie",0,103.6,0,0,0,0,0,0,0,0,0,0,0,0,2025-02-07
"Markieff Morris","Los Angeles Lakers","Vet",0,97.7,0,0,0,0,0,0,0,0,0,0,0,0,2025-02-07
"Jeff Green","Houston Rockets","Vet",0,96.7,0,0,0,0,0,0,0,0,0,0,0,0,2025-02-07
